N,live weithg,altura_cruz,altura_cadera,profundidad_pecho,ancho_pecho,ancho_ilion,ancho_articulacion_cadera,longitud_oblicua,longitud_cadera,circunferencia_torax,length,width,height,volume,surface_area,point_count,density,std_x,std_y,std_z,avg_distance,max_distance,aspect_ratio_1,aspect_ratio_2,aspect_ratio_3,distance_q1,distance_q3,eigenvalue_1,eigenvalue_2,eigenvalue_3,principal_length_1,principal_length_2,principal_length_3,sphericity,elongation,flatness
1,415.0,117.0,122.0,62.0,40.0,43.0,42.0,145.0,43.0,172.0,1.2691845893859863,2.129135012626648,0.7182794511318207,1.9409816700746056,10.286416970504042,102863,52995.348480568726,0.5101862317671578,0.18835126399182964,0.3004107946691975,0.5823279829915609,1.2332528058831351,0.5961033855810922,1.766978837256284,2.964215402893244,0.4010145806703031,0.729847378413852,0.26155671358080573,0.08999065210191776,0.0344692223285009,2.122876189852586,1.2965795445129387,0.7626127810432508,0.1317848884725795,0.6559421057486414,0.6169688570601397
2,407.0,116.0,121.0,60.0,39.0,42.0,44.0,127.0,37.0,171.0,1.239144206047058,2.015170097351074,0.91277015209198,2.279265887779228,10.935054623999378,96296,42248.69091241685,0.49058804431934766,0.2182327414435811,0.27840498157993937,0.5677167049894648,1.177193914969635,0.614907995943322,1.3575643366591914,2.207751965522209,0.39086566069362605,0.7152370083719537,0.25019948566204897,0.07723259538852811,0.038383210247800226,2.0488388712114496,1.2557432272956919,0.7485868093418038,0.153410428267808,0.6913159306296568,0.5030179931839822
3,448.0,114.0,121.0,60.0,43.0,41.0,40.0,128.0,41.0,176.0,1.2630400657653809,2.2285357415676117,0.6924557536840439,1.9490759348113194,10.464983373603598,94334,48399.34571822212,0.5019035666261631,0.18520378921895672,0.2899474193276938,0.5683707019407214,1.2842970820020025,0.5667578231780679,1.8240011134945167,3.218307783148923,0.3762155487843428,0.7031933144748719,0.25193834577271623,0.0842052002103349,0.03413751893809348,2.228513560164066,1.2707729167604922,0.6936164203485197,0.1354994962493336,0.6657706076775632,0.5945913215238265
4,443.0,118.0,123.0,63.0,46.0,44.0,44.0,150.0,46.0,176.0,1.2622458934783936,2.181646943092346,0.7011195719242096,1.930725475514569,10.336711132534667,96702,50085.836244651706,0.5182029101829327,0.19149912517380724,0.2966290355700963,0.5853288875699479,1.298188485911457,0.5785747769477494,1.8003289938322264,3.1116617342529134,0.39395357156498056,0.7316613294618917,0.26989182346505614,0.08743700407554504,0.03587019435689805,2.1518113696403214,1.2726906795924986,0.707525465691923,0.13290582091881079,0.6760294441196147,0.5897595676321845
5,410.0,124.0,127.0,66.0,41.0,42.0,44.0,140.0,45.0,178.0,1.2872568368911743,2.307662010192871,0.7703377902507782,2.288329772967423,11.479711081296806,95049,41536.40839831573,0.5113468806048683,0.19472821947381705,0.29033285224316097,0.5770970893416562,1.3991051885782648,0.5578186195402104,1.6710290643694328,2.995649492207344,0.3867015278030644,0.71892463400623,0.26589399100331845,0.08399693883804259,0.03380098379418096,2.2900201807055454,1.3120577866363243,0.6750854648217526,0.12712202959772456,0.684096137257219,0.5975926710930048
6,441.0,120.0,124.0,60.0,43.0,43.0,44.0,138.0,45.0,178.0,1.263110876083374,2.184565305709839,1.0370849967002869,2.8616786159429894,12.66976287755034,100654,35173.062215734586,0.5129412877812728,0.20433130652111337,0.2870078810225459,0.5804021249381688,1.3183433348574733,0.5781978102380174,1.2179434473570034,2.106447699716525,0.38950262860144164,0.7277807292905694,0.26961369378811145,0.08246362588440037,0.03516009884528993,2.2239979737024376,1.2694042954187328,0.8115018223998527,0.13040917303303645,0.6941415522120762,0.5736289974130138
7,427.0,117.0,121.0,62.0,41.0,43.0,45.0,149.0,45.0,172.0,1.2353614568710327,2.0749704837799072,0.8125010561197996,2.0827152870355805,10.505973515385463,93435,44862.10889294912,0.5093737031313734,0.21782576021884764,0.28214998959609894,0.5823347085756354,1.2536848846320234,0.5953633878302762,1.5204428936630012,2.5538065066514353,0.38902503137009203,0.7356976177047215,0.2734643247385071,0.07347386580488664,0.0395841941474774,2.1861786322189416,1.311267720688706,0.740567846821274,0.14475085254842188,0.7313219343139401,0.4612479728153257
8,380.0,115.0,117.0,60.0,48.0,41.0,41.0,137.0,43.0,172.0,1.160098910331726,2.0819318890571594,0.7210559546947479,1.7415281707534584,9.505865058166425,84941,48773.830608350676,0.4819413386576761,0.19297783151711634,0.27343540948408157,0.5516659068816294,1.1897988342943133,0.557222316651818,1.6088888841128048,2.8873374881683422,0.3866876770582097,0.676595614013657,0.2329317539999694,0.07475271439232681,0.03659440528468928,2.0681559674907266,1.1857387588591297,0.7084694248192182,0.15710354924255665,0.6790789014007226,0.510460515284705
9,416.0,118.0,120.0,62.0,44.0,42.0,40.0,140.0,44.0,175.0,1.2186915874481201,2.1469162553548813,0.6987621337175369,1.8282613565831982,9.936376193700232,85210,46607.12194849827,0.494781180700119,0.19722988858414622,0.2786377636717671,0.5633278353827759,1.284335847828995,0.5676474731645612,1.7440721651078421,3.072456493789826,0.37846222914136585,0.6975170658583864,0.24908286452685152,0.07348372178756993,0.03878470347008849,2.126150087208878,1.3219727674623099,0.7175685234240423,0.15571004269507846,0.7049828300025501,0.4722000665370615
10,424.0,119.0,122.0,65.0,46.0,44.0,40.0,151.0,46.0,182.0,1.2621443271636963,2.1932533532381058,0.77033531665802,2.13244397825964,10.86003428826788,97943,45929.928757113055,0.5059319861313388,0.2162926631695853,0.30420518637711236,0.588866095316168,1.320619475696685,0.5754667263133437,1.6384349774320528,2.8471411160962923,0.39332874482418445,0.7256182345232688,0.26186330689878917,0.09251712409620429,0.04091409112055609,2.259871066321065,1.2698622271313327,0.7129574760615112,0.15624216926417067,0.6466968771155006,0.5577673698761818
11,450.0,120.0,124.0,64.0,43.0,43.0,45.0,138.0,42.0,180.0,1.2669447660446167,2.061138942837715,0.8386782109737396,2.190081671693306,10.80508097331052,90888,41499.82220970239,0.48511977769972187,0.22187332009032998,0.30342566100347385,0.5772113867270391,1.276534098556282,0.6146818827751246,1.510644666174935,2.4576040200742173,0.3998621606390937,0.7015721431437277,0.24779938289639047,0.0890694819537163,0.03977137979272189,2.077064570130707,1.3958408717749573,0.752876190342217,0.16049830039064725,0.6405580961799331,0.5534791612082293
12,429.0,118.0,120.0,60.0,46.0,40.0,41.0,140.0,41.0,178.0,1.2879490852355957,2.2438356280326843,0.7566823214292526,2.186771081790639,11.124770200335847,95327,43592.58305260806,0.4913495020673187,0.2062460828842096,0.2914533094683746,0.5690635901885321,1.3195738240349035,0.5739944000999859,1.7021001399938414,2.965360184171391,0.38327638460683777,0.7019839301030755,0.24220254589348,0.0848144485806899,0.04189368696233814,2.218649155564842,1.313613484824212,0.7348737944516138,0.17296963914146,0.6498201607757209,0.506054833069135
13,410.0,117.0,119.0,61.0,41.0,41.0,40.0,143.0,44.0,179.0,1.224129557609558,2.11127370595932,0.6974290460348129,1.8024862234237264,9.821359327841838,99595,55254.23645725547,0.518664512734717,0.18857240041654105,0.2728178435709844,0.5754463867524666,1.193951373702958,0.5798061872102643,1.7552030053369105,3.0272236551701255,0.38445033573598086,0.7348904456392087,0.27004698650365977,0.074209814647434,0.0347490070590568,2.11047099256968,1.245782398685502,0.7009187582726768,0.12867763313694994,0.7251966570401693,0.5317464782233041
14,464.0,119.0,122.0,62.0,45.0,44.0,41.0,133.0,39.0,186.0,1.2476353645324707,2.31106373667717,0.860094703733921,2.479966834324937,11.888366193400143,104032,41948.948090799044,0.5077588906442982,0.2003902113046072,0.3062570513483958,0.588108160406005,1.3876838623617975,0.5398532912494709,1.450579057301624,2.6869875220067865,0.4107151486367034,0.7279308879903421,0.2595465159724798,0.09332311990185287,0.038902839325611005,2.2982374899061724,1.3450607033791717,0.8657253457113625,0.14988773468928376,0.640437786066263,0.5831382473440152
15,407.0,116.0,129.0,64.0,40.0,39.0,40.0,139.0,41.0,175.0,1.1966599225997925,2.0843872129917145,0.7204239964485168,1.7969554769572929,9.716095461850909,83881,46679.509356587994,0.4798162516943568,0.19147182885310704,0.2758114369584286,0.5481937400626651,1.2429166340137874,0.5741063441289443,1.6610495048734937,2.893278435014858,0.37174862241911044,0.6772510550752237,0.23047773468227872,0.07683036782486981,0.035653031547217544,2.060210851534281,1.2466581305745854,0.745873682098634,0.1546918690274635,0.6666473317659815,0.5359513099236166
16,312.0,105.0,110.0,55.0,31.0,38.0,37.0,137.0,40.0,153.0,1.1505553722381592,2.031763255596161,0.6325885504484177,1.4787745019911815,8.70150891337793,80359,54341.61861175992,0.4686184003205345,0.1650111404139901,0.2777392122147615,0.533928309540037,1.1593463910086965,0.5662841716765681,1.818805243032892,3.2118242642171158,0.36502769138383545,0.6589359779127888,0.22007088220190735,0.07675892635667833,0.027145174618297973,2.0227936751947655,1.1670443776635937,0.6477341404529935,0.12334741582665726,0.6512081671656376,0.6463580731684344
17,412.0,118.0,120.0,61.0,43.0,43.0,45.0,143.0,45.0,183.0,1.2568787336349487,2.2844396829605103,0.6840660870075226,1.9641340937796428,10.587518975745922,92539,47114.40033196736,0.5006237417689565,0.18673522779788782,0.28635245912016644,0.5671002552341932,1.2642727607962185,0.5501912539034963,1.8373644849625868,3.3395014405024708,0.3749001375931824,0.708656459610695,0.2509359404847906,0.08227080891141156,0.034289128825479465,2.286535375159839,1.255706860354365,0.6868507345125298,0.13664494914214073,0.6721441785004167,0.5832163402890365
55,275.0,100.0,100.0,57.0,40.0,35.0,40.0,124.0,40.0,165.0,1.2573559284210205,2.280649244785309,0.7623589932918549,2.1861313854191997,11.129635821373366,103611,47394.68116648999,0.5299198323001957,0.17298977828990814,0.313518509343871,0.5950149546257216,1.3096105435203222,0.5513149079350792,1.64929638068776,2.9915686243006054,0.3863986499855132,0.7633421330489969,0.2844988319815262,0.09897316307767283,0.025566300526791916,2.294565156173511,1.2478256358048725,0.6488973711913961,0.08986434267136834,0.6521139915115728,0.7416845159659309
18,414.0,120.0,124.0,63.0,41.0,42.0,44.0,144.0,45.0,181.0,1.3044184446334839,2.110092878341675,0.7725680023431778,2.1264502170292015,10.780772524335436,92393,43449.40655562557,0.4886878583810221,0.1914030561995651,0.2959038937089708,0.5651699478825372,1.260434994485738,0.6181805824863161,1.6884189361677135,2.731271385744453,0.3821439487802466,0.700698005614262,0.24366793351508945,0.08793366332826841,0.031412399340894535,2.124416823131521,1.3232909665487749,0.6371847771421159,0.12891478532996745,0.6391250089424549,0.6427716286124945
19,378.0,118.0,120.0,60.0,35.0,43.0,42.0,143.0,43.0,170.0,1.3051295280456543,1.9349678754806519,0.7072305530309677,1.786028517916185,9.633759177359355,84072,47072.03673213987,0.456856881175678,0.19306191312731227,0.2919957930065451,0.5427841559241816,1.1493710245681428,0.6744967420823234,1.8454088591793434,2.7359789070027984,0.3901408734970758,0.6635475906311896,0.20925142755706938,0.08586085710439167,0.036144310803627226,1.9095253430334473,1.3345373805715892,0.7306733704656833,0.1727314896992497,0.5896761226110405,0.5790362218294407
56,409.0,122.0,125.0,63.0,39.0,43.0,49.0,151.0,45.0,177.0,1.20761239528656,2.166465997695923,0.8746850788593292,2.28839588087649,11.135014436055805,89201,38979.70659072969,0.5053415324680538,0.20787900281851637,0.290411271018418,0.5736735743128997,1.331407134477069,0.5574111925000801,1.3806253524541645,2.4768525839279163,0.37289557049579586,0.7409791879664474,0.27514163806455705,0.08462205497185438,0.023163050400685045,2.2445836551292175,1.2245220544061528,0.6275217021294122,0.08418591443891256,0.6924418435278803,0.7262764369361018
20,441.0,121.0,124.0,64.0,40.0,43.0,49.0,152.0,46.0,181.0,1.2739057540893555,2.242305338382721,0.8164216876029968,2.332096853757117,11.454393334150915,98158,42090.01862073733,0.5113726643786639,0.21192227196511204,0.2849705635975616,0.5826078019697741,1.3342166574284484,0.568123231160021,1.5603526626411968,2.7465038869387453,0.3934574754305154,0.7218790943118241,0.2653784566130132,0.08170136135741324,0.04054540436794541,2.251175852779709,1.3210765299710907,0.8230146232682581,0.1527833302123335,0.6921326531167756,0.5037364898906119
57,331.0,110.0,117.0,55.0,32.0,40.0,43.0,138.0,40.0,157.0,1.2696096897125244,2.2922717705368996,0.7342274487018585,2.136815133060035,11.051043176931033,87202,40809.3328481449,0.4933946890764668,0.1767042882072846,0.321784943705091,0.5707383586635298,1.4255894550491994,0.5538652554339812,1.7291776437359316,3.1220186259581024,0.38498697338880883,0.6860379958508421,0.24524532933953141,0.10248445505609231,0.030482827480492945,2.23955502513384,1.31658147537555,0.7066289276454185,0.12429524167732796,0.5821145490024519,0.702561452233815
21,373.0,117.0,120.0,58.0,38.0,36.0,43.0,138.0,41.0,168.0,1.2148677110671997,2.3507816791534424,0.6942346692085266,1.9826569870480908,10.662572365410526,89437,45109.66878499727,0.5133121141563963,0.19258261309728705,0.26939468574431896,0.5698448670972924,1.2906864506173783,0.516793082845828,1.7499381188384457,3.3861484933235744,0.37764960929370733,0.7197911467977791,0.2660508237691122,0.07206783413651277,0.03503640047590786,2.365448040415554,1.2242277493140832,0.7086896520460588,0.13169062955547778,0.7291200488856383,0.5138413566093718
22,394.0,122.0,125.0,63.0,44.0,41.0,49.0,148.0,45.0,177.0,1.3271706104278564,2.3121248483657837,0.6754450500011444,2.07265997219181,11.05345649904968,106345,51308.46420869584,0.5417911044338216,0.1858261432528521,0.28973765375774485,0.5986204574410422,1.2756136940548066,0.5740047348074238,1.9648831691424904,3.4231131731024846,0.4005688555727459,0.7695276150072414,0.29442580276520147,0.08453775335307585,0.03305718262471464,2.307184631466723,1.3124905817441566,0.67787926425084,0.11227678523501237,0.7128724705541757,0.6089654466371992
23,439.0,122.0,125.0,63.0,44.0,41.0,49.0,148.0,45.0,177.0,1.267800211906433,2.1191657185554504,0.7869706079363823,2.1143372068952626,10.704242768809703,97323,46030.027605157244,0.49775454208628783,0.20304168372865794,0.28007291443689514,0.5673127553236629,1.2994791195635345,0.5982543983255076,1.6109880078379248,2.692814315025551,0.3866535847762869,0.7070435214810503,0.24912405627015627,0.07995341797157172,0.03835264802616608,2.1481783176452174,1.3786485461138198,0.8109159228794052,0.15394999824736125,0.6790618330135558,0.5203125895155256
25,434.0,119.0,121.0,58.0,42.0,44.0,43.0,154.0,46.0,174.0,1.2764424085617065,2.1241308450698853,0.8629281222820282,2.339683502916984,11.291561968840028,91611,39155.29595596354,0.5123750745279871,0.20922299127917188,0.27814829145849734,0.5768394243936368,1.2802939410275957,0.6009245671114535,1.4791989918999657,2.4615385571773754,0.38086879687341424,0.73057334040902,0.2706857049630864,0.07943559763792067,0.03355183458607109,2.143600416915529,1.363842765141274,0.7696948444674314,0.12395126144783514,0.7065393695291247,0.5776221796806342
58,416.0,118.0,121.0,60.0,40.0,44.0,47.0,141.0,40.0,177.0,1.2930001020431519,2.278049111366272,0.6453688144683838,1.9009452876360358,10.50032306144439,101340,53310.31916548408,0.5095993371316627,0.16635764241390014,0.33537707249062265,0.5878382548113444,1.3218768333534534,0.5675909687775205,2.003505705661108,3.5298407054930174,0.3918499621790683,0.7408484998287298,0.2628867103313722,0.11167084721079655,0.025290518414337347,2.3236880456573363,1.32141107504409,0.6230034991915858,0.09620310734786978,0.5752130373192545,0.7735262242024773
26,414.0,118.0,121.0,65.0,46.0,41.0,44.0,142.0,45.0,174.0,1.2382735013961792,2.133151113986969,0.8183089420199394,2.161501287139887,10.800582818075938,94345,43647.9036868111,0.5082748526066992,0.1980236381204667,0.28137934997235153,0.5743265942022735,1.2016843532232646,0.580490286542233,1.5132102776973035,2.6067796701835273,0.3920226971839788,0.7155233797831126,0.26119706182466895,0.07924866147666838,0.03628929549993908,2.166768401512062,1.2812687171327304,0.6732876001599717,0.13893454714394385,0.6965943608896152,0.5420831743559098
27,400.0,118.0,118.0,62.0,42.0,42.0,42.0,142.0,43.0,174.0,1.3436589241027832,2.0636762380599976,0.9054165184497833,2.5106086337508664,11.715869066890257,108628,43267.59596843616,0.4810421111650901,0.217067871598597,0.3245829504651761,0.5835263183061257,1.258176246422026,0.651099673157025,1.4840229846958617,2.2792562273917185,0.4185975503489969,0.7275147294417996,0.24949005667024576,0.0969439693895782,0.037443573140758114,2.20000579849197,1.425586448228982,0.7465427538282268,0.15008042260476845,0.611431530845695,0.6137606766410844
28,464.0,125.0,128.0,65.0,45.0,42.0,45.0,159.0,48.0,183.0,1.3409076929092407,2.217639446258545,0.9663736671209335,2.8736568557621456,12.825072084174703,105469,36702.01603525405,0.5057057892162348,0.22068614284449858,0.29304906559181854,0.5866637988019335,1.2539972764021334,0.6046554119388217,1.3875664647445711,2.2948053343231525,0.3991449660607999,0.7393235669365268,0.2654637167252388,0.08656859223781306,0.03828986559527946,2.2562902155928337,1.326164373619024,0.8075733928139486,0.14423766105448743,0.6738967068429408,0.5576933318946304
33,293.0,115.0,118.0,55.0,37.0,37.0,40.0,133.0,42.0,157.0,1.223400354385376,2.2601691484451294,0.9367176592350006,2.5901102596200403,12.056425615304981,102010,39384.42374069608,0.5444935251047228,0.2407057133590187,0.2797239533159474,0.6134181066174668,1.3012697768536317,0.5412870781051973,1.3060502728052588,2.412860616176454,0.40744249564722346,0.7637991572481431,0.3133553146911259,0.07525459190204407,0.044052264160342754,2.3651613064812014,1.262187024868226,0.8149707763096573,0.14058247010670633,0.7598426183509206,0.4146235725032721
59,417.0,122.0,127.0,60.0,43.0,44.0,47.0,149.0,44.0,176.0,1.1139999628067017,1.9816938042640686,0.790184736251831,1.744417216163338,9.307553574187395,78624,45071.78630862473,0.48473167705390063,0.1446388266537478,0.2896319741535573,0.5401129508379566,1.1883463726791723,0.5621453528338612,1.409796863567447,2.507886717306198,0.3504862646298912,0.7063280416366585,0.2358577621477571,0.08300824054365696,0.020910188208684042,2.013965723379291,1.1622047795967896,0.7917382447507653,0.08865592558104786,0.6480580508024365,0.7480950316289786
35,440.0,120.0,122.0,64.0,42.0,43.0,41.0,142.0,45.0,175.0,1.2816143035888672,2.3009451627731323,0.9748594760894775,2.8747867322091003,12.882832553641435,101831,35422.10587626757,0.5164850163581715,0.23254775878025158,0.2883187308984623,0.5977247845689992,1.3285021630463942,0.5569947186591128,1.3146656877459886,2.360283937540491,0.4078388370665226,0.7334949149204869,0.272621314742407,0.0829251661458261,0.04842040896741679,2.265562436609314,1.3177663309513639,0.8601846087642588,0.17761050346766913,0.6958228808184717,0.4160951226522932
60,243.0,100.0,107.0,50.0,29.0,35.0,35.0,141.0,35.0,145.0,1.2658153772354126,2.1739694476127625,1.060481607913971,2.918279903641332,12.79934499672256,104150,35688.83158536133,0.5022847521912728,0.23579932676259938,0.3354723508519702,0.602804703392053,1.3063314188494586,0.5822599662683418,1.1936231310275576,2.0499831693348147,0.39665064560572516,0.7639796988647947,0.28529127201454685,0.11070188067224476,0.024443877126276676,2.3143035437053796,1.3310790925605693,0.6498768315532814,0.0856804239178768,0.6119689190260257,0.7791918531298696
61,399.0,121.0,127.0,61.0,39.0,41.0,46.0,149.0,40.0,176.0,1.2801191806793213,2.2256568670272827,0.7182555198669434,2.0463861435737996,10.73429808554971,111796,54630.94067122638,0.5246953095807648,0.19262953576396794,0.3267653056341228,0.6037604021783279,1.2875960587494673,0.5751646624617043,1.7822615284828762,3.0986978943643693,0.40469524399257706,0.7558640370304666,0.27936476081145123,0.10662673451252652,0.0331991251899058,2.2197034289966515,1.2874886672144215,0.7410262191332403,0.11883791317657472,0.6183243219265904,0.6886416400006552
62,492.0,121.0,125.0,68.0,44.0,44.0,50.0,158.0,46.0,194.0,1.3400001525878906,2.4862080216407776,0.963172659277916,3.2088281383014827,14.033636460973211,125652,39158.22056662434,0.5715462955942119,0.21966189133379613,0.3351602879986639,0.650223734870728,1.5293835797524578,0.5389734651823523,1.391235662349967,2.581269305863261,0.432810769596727,0.8218805207586788,0.33069958047437675,0.11352029399893335,0.043032936485744355,2.4721455173512448,1.3698510190424462,0.8408763337041771,0.1301269763451624,0.6567268279079987,0.6209229647859378
63,605.0,127.0,132.0,70.0,50.0,51.0,55.0,172.0,49.0,202.0,1.2805507183074951,2.254546046257019,0.7615277320146561,2.198576679677952,11.158269561125824,112492,51165.8297114649,0.5323890637290406,0.1941953763122661,0.32904404267497084,0.6110876142101064,1.3739042453145,0.5679860566314252,1.6815549381501056,2.9605567223304075,0.4070127978123679,0.7840613570507542,0.2920981745941391,0.10594055997294491,0.031385024183690796,2.3355512000809617,1.3590134794446214,0.682588589234143,0.10744683436416289,0.6373118040872872,0.7037487418255491
64,495.0,122.0,128.0,65.0,46.0,47.0,52.0,155.0,48.0,190.0,1.2952791452407837,2.5138232707977295,0.759984165430069,2.474586612700409,12.301920756351926,123037,49720.22372081576,0.5714114725823649,0.19096345227512365,0.3322093526662462,0.6389147820889117,1.4581455756665245,0.5152626122478943,1.7043501748589664,3.307731114864975,0.41091970346820833,0.8141799496950015,0.3314746600891225,0.10929863272982179,0.032571719459705155,2.499428081517695,1.3553097962773621,0.7111279849912906,0.09826307522556235,0.670265495708073,0.701993349356711
66,399.0,115.0,122.0,61.0,40.0,43.0,46.0,142.0,42.0,175.0,1.2746087312698364,2.3105399012565613,0.7759713232517242,2.285262187692827,11.454013721049154,118979,52063.610311655204,0.5450834797182075,0.18150941205060958,0.3282610161758248,0.617997739216271,1.4053410325831417,0.5516497380446252,1.6425977263290628,2.977609909054622,0.4172554970009259,0.7897396852671346,0.29857552444257307,0.10714728487756404,0.03209783175974556,2.302468620227332,1.328021979541207,0.7044117655152189,0.10750322491996205,0.6411384185706341,0.7004326166881094
67,486.0,120.0,127.0,62.0,42.0,44.0,50.0,155.0,44.0,186.0,1.3098678588867188,2.2908220291137695,1.113395482301712,3.3409370384232076,14.019332001669966,102033,30540.234319457755,0.49647523920716924,0.2734165969145581,0.3249767026176693,0.6058127668637512,1.371327165710443,0.571789445989157,1.1764623439811712,2.0575097218626888,0.4046134615088454,0.7547944091938654,0.2924038967003121,0.1050449805004292,0.029409462189845137,2.47388572110542,1.3348448373722883,0.7545919997631414,0.10057821568632244,0.6407538282292765,0.7200298191332904
68,495.0,121.0,130.0,67.0,50.0,45.0,52.0,157.0,50.0,193.0,1.27786123752594,2.682905435562134,0.7768859267234802,2.663460841622928,13.010889494820006,115341,43304.93551754987,0.5730834446869588,0.1903448628459383,0.32432346384486405,0.635293313962228,1.5008593229629386,0.4762975319919157,1.6448505418489499,3.453409752030519,0.41118647737539854,0.8127221838561817,0.3349905799038767,0.1050807052233436,0.029774298994067125,2.6963586468471337,1.30499599013657,0.6730409001609841,0.08888100376616757,0.6863174324081118,0.7166530341532882
69,493.0,123.0,132.0,65.0,46.0,43.0,48.0,159.0,47.0,188.0,1.2786253690719604,2.3316250443458557,0.7416994795203209,2.211210066012317,11.317991570868326,118410,53549.86476411076,0.5514353833176998,0.2005176146780582,0.3308519743707775,0.6288961153825345,1.3570715533250755,0.5483837858804105,1.7239129922254839,3.143625024320884,0.41216797080913503,0.7981503041737638,0.3060551655630496,0.10902911586915308,0.03867087535161764,2.306678662751426,1.3014025811008987,0.7523165667044369,0.12635263084181192,0.6437599225990117,0.6453160695347935
70,540.0,122.0,127.0,69.0,50.0,47.0,56.0,153.0,46.0,203.0,1.3388073444366455,2.475211441516876,0.6897602081298828,2.2857489374917694,11.889179297093989,115371,50474.04730573802,0.5453669149118082,0.16964708572225234,0.3456095340402869,0.6208635219227899,1.4070900808504996,0.5408860519876186,1.9409750354641309,3.5885100537008516,0.41064570690098057,0.7871172688353789,0.29950704403139927,0.11817721429128344,0.02797076007064216,2.456052986476728,1.3906675397360195,0.6187160047580249,0.09338932298270021,0.6054275962908766,0.7633151175682669
71,486.0,126.0,133.0,66.0,45.0,46.0,47.0,158.0,46.0,189.0,1.3255562782287598,2.429038166999817,0.8359650075435638,2.6916625287340064,12.717072732104832,123750,45975.30287654762,0.5771408093552592,0.18962043481573318,0.32449594754582145,0.6369102001393334,1.482931208446573,0.5457124125249941,1.5856600052241807,2.9056696692812642,0.40676804037885683,0.8212276796962277,0.3344999775558518,0.10398172075289924,0.035867177910088414,2.475610868931513,1.3999746015765666,0.8429717186399519,0.10722624907829667,0.689142816951199,0.6550626624527335
72,545.0,120.0,131.0,65.0,45.0,47.0,55.0,158.0,48.0,192.0,1.3376190662384033,2.388285756111145,0.9582467079162598,3.061230804549381,13.52990518605128,112433,36728.03757002254,0.5596774370384113,0.20165881697951502,0.3197369377375336,0.6240812939094872,1.339014917617628,0.560074967082856,1.395902595008233,2.492349555058273,0.38663308552504366,0.8202348765775187,0.3227810763220611,0.09850240616523404,0.03485739586369736,2.423501965020073,1.3700206552930783,0.7816369954162726,0.10799082852340984,0.6948321528398668,0.6461264529393789
74,411.0,120.0,129.0,65.0,46.0,46.0,51.0,145.0,47.0,194.0,1.3376893997192383,2.5352657437324524,0.743457704782486,2.5213610555052792,12.54155290507666,122867,48730.42666052345,0.5797853045855258,0.18316746429581374,0.33306800435095185,0.643810890098776,1.4456432520549258,0.5276328144401439,1.7992811038398038,3.4101008402007174,0.40978776480494244,0.8405444988654818,0.3384392040734787,0.11046096989867292,0.03173935280839728,2.5222997950223696,1.3204603419179382,0.7217703946671707,0.09378154902381323,0.6736165060987123,0.7126645471471766
75,512.0,122.0,130.0,66.0,42.0,44.0,52.0,155.0,49.0,190.0,1.3412140607833862,2.347875714302063,1.0061476975679398,3.1683630447402895,13.721546208634834,137627,43437.88829012847,0.5463014174794187,0.2528182702871307,0.3308972619157054,0.6404720694984933,1.4450960858159392,0.5712457659548984,1.3330190627334026,2.333529878344251,0.42299527464300557,0.7994129202314867,0.3200482377037215,0.1095341423456757,0.042276362958145554,2.366139931377218,1.3494447062930843,0.9617275378515578,0.1320937220634912,0.6577573957864601,0.6140348383362808
76,551.0,125.0,130.0,66.0,47.0,48.0,44.0,156.0,49.0,197.0,1.291815996170044,2.26763778924942,0.9447120726108551,2.7674119312625627,12.584059465316503,117938,42616.71299010181,0.5352003778412017,0.21147654826853687,0.32026528641541985,0.6142784041217644,1.3161096749369685,0.5696747524205047,1.3674176858986404,2.400348058411553,0.40243398669978003,0.7947989813163614,0.3012236504832979,0.10236435801258627,0.030147297751062962,2.30253416958361,1.3265250159251298,0.691734251272699,0.10008277139823904,0.6601715773368131,0.7054902864983905
77,479.0,121.0,126.0,62.0,50.0,44.0,52.0,145.0,44.0,190.0,1.3446483612060547,2.2331252694129944,0.805050253868103,2.4173793289953993,11.766111606992965,124504,51503.708378171934,0.5313813761265936,0.20512045603759216,0.34336089524421537,0.6217028458468152,1.3287653902144165,0.6021374526649429,1.670266365044036,2.773895491223412,0.4172192296532427,0.7911340106231715,0.2927992880927971,0.11855897581411146,0.030982561679472404,2.2608765187786353,1.3741580486217246,0.7017839678369402,0.10581501711046878,0.5950844806134348,0.73867384171697
78,514.0,126.0,132.0,62.0,46.0,45.0,51.0,153.0,50.0,191.0,1.3297840356826782,2.3310146927833557,0.867030143737793,2.687573328660624,12.547537946284208,119822,44583.71376222667,0.5348041248976098,0.2239681490754848,0.3178702329938566,0.6182907018011436,1.3082535807564093,0.5704743259661076,1.5337229567935657,2.6885047880045803,0.409529635998496,0.7891813079986945,0.29919166913837447,0.10103765516217592,0.03699299346271569,2.4022036163112173,1.3452844871893561,0.7140725974512843,0.12364312672625465,0.6622978993594686,0.633869240103226
79,548.0,122.0,129.0,65.0,50.0,45.0,56.0,143.0,50.0,202.0,1.3098818063735962,2.4016568660736084,0.7356034517288208,2.31412506673418,11.752214585398434,117628,50830.44200631864,0.5517598496046272,0.18628543726467353,0.32479246826349323,0.6218107089925355,1.3264755892919258,0.5454075579560538,1.7806901303890053,3.2648798213619257,0.40902833688442164,0.7950410118439829,0.3098259512704078,0.10270508450645668,0.03210408744735036,2.357645467614283,1.3571990297577843,0.6594901849254764,0.10361974946162845,0.6685071599544015,0.687414818831758
80,548.0,126.0,128.0,65.0,47.0,44.0,52.0,147.0,58.0,196.0,1.3160998821258545,2.45443195104599,0.716564878821373,2.314703478047831,11.864216575172941,108419,46839.26085056828,0.5376312696051759,0.17235515664964762,0.33426942964504364,0.6075593273514068,1.4533216823436643,0.536213636546322,1.8366793029133863,3.42527525921046,0.4100275650409955,0.7556983818068373,0.2930814579302844,0.11175859073904619,0.02565365565506603,2.4865152061789093,1.3432443204222666,0.6958891282629012,0.08753080401684195,0.6186773754700294,0.7704547320664884
81,418.0,125.0,130.0,61.0,40.0,41.0,45.0,154.0,45.0,179.0,1.3184759616851807,2.3094944953918457,0.77580127120018,2.362324937460954,11.7191941365909,119043,50392.30552590635,0.5465824557839244,0.19383164422604227,0.3235213081908989,0.6185494333103717,1.4025065323297814,0.5708937450667005,1.6995021929333423,2.9769150697819966,0.4053082725996514,0.7835969586232288,0.3017557826390179,0.1047223956381973,0.03451465033397383,2.3220426706965878,1.318868154498157,0.7267678567196534,0.11437941646759674,0.6529564579596681,0.6704176778650328
82,531.0,130.0,135.0,67.0,45.0,45.0,50.0,162.0,45.0,198.0,1.229267954826355,2.4632274508476257,0.7496645748615265,2.269959271975402,11.592199138496643,113508,50004.42140145588,0.5636300642895787,0.1942291852511425,0.2982501992087724,0.6185889773742687,1.467258728308488,0.49904768412813416,1.6397572941917629,3.2857727755144603,0.39490895714473945,0.785195467334929,0.3191035571556148,0.08790554607161626,0.03735181867350242,2.5073070301970626,1.2728017820987396,0.7200831919358996,0.11705234189942718,0.7245234529656213,0.5750914436835184
83,512.0,118.0,123.0,65.0,46.0,47.0,54.0,155.0,44.0,188.0,1.249827265739441,2.2735570669174194,0.6408397555351257,1.8209805223411177,10.198956733688192,94981,52159.261911208705,0.5259574662899806,0.1681195220505268,0.30155606646654726,0.582313414827666,1.374230321068796,0.54972328776159,1.9502960840745396,3.547777813845073,0.3744013884481286,0.7286432685899813,0.2773591927517976,0.09072360587303424,0.027752860163264524,2.2401691373240507,1.3115656327381948,0.6232451665854732,0.10006107923778075,0.6729021130580636,0.6940943881562196
84,413.0,124.0,127.0,61.0,41.0,44.0,50.0,155.0,43.0,177.0,1.2993890047073364,2.3052337765693665,0.7932184934616089,2.3760030444002447,11.709297749231808,118338,49805.49173911985,0.5638875757754186,0.20341548371118984,0.3051475768685002,0.6259005581033392,1.3756383506881265,0.5636690811641145,1.6381224283321953,2.9061775482683423,0.40656579174222873,0.8056988647649701,0.3218348856247051,0.09286895695298468,0.03776208172328048,2.2990212192624324,1.3040590741317546,0.7844117816635158,0.11733371181928122,0.711439122664657,0.593383160937215
85,563.0,122.0,130.0,64.0,43.0,47.0,53.0,152.0,47.0,207.0,1.2694799900054932,2.359876036643982,0.6875721141695976,2.0598391333368142,10.98251880746111,116965,56783.56047664936,0.5423865841043631,0.1932927741490564,0.300017096607435,0.6034559349597852,1.4086823000362676,0.5379435064779255,1.8463226821504881,3.4321869488469265,0.3943896126202451,0.7707539269023234,0.29765225073190466,0.08934213677355077,0.034564778053893984,2.402508587264588,1.3310842450449951,0.7538247436234513,0.11612469910407791,0.6998439065927937,0.6131189682478393
86,511.0,123.0,126.0,64.0,48.0,42.0,44.0,156.0,45.0,197.0,1.2603636980056763,2.1546666622161865,0.7578928172588348,2.0581819686358673,10.607781246186683,105583,51299.157027392896,0.5248124549361415,0.203911883353944,0.2981034750832661,0.5957176233746317,1.2729728321640903,0.5849460244162904,1.662984091291682,2.8429701577186566,0.3951221219686805,0.7701682367594724,0.2834835468626482,0.08856018021626308,0.03383396796448823,2.1826527604001966,1.271966286308091,0.7029191487654745,0.11935072895387917,0.6876002815811679,0.617955068724273
87,495.0,124.0,128.0,66.0,43.0,45.0,42.0,162.0,45.0,182.0,1.3480926752090454,2.387385129928589,0.8551482856273651,2.7522232725045344,12.825607695244493,130868,47549.92129723167,0.5419611760274652,0.2207261366198557,0.3539399329539182,0.6409497059685807,1.3399500516273233,0.5646733148787642,1.5764431711630458,2.7917791218830827,0.426903728783827,0.8252838438610481,0.30573262356949293,0.12568751623211685,0.036298854021274016,2.397338098406242,1.3901617745208203,0.7610034535390111,0.11872744752417073,0.5888972698932533,0.711197618431427
88,519.0,121.0,130.0,62.0,50.0,46.0,53.0,165.0,48.0,199.0,1.281148910522461,2.358193039894104,0.703101634979248,2.1242081592728494,11.160047438896868,113928,53633.16184558833,0.5556818538964104,0.19059071507176858,0.309853016733963,0.6153352345334371,1.3896529496179606,0.5432756728770566,1.8221390006585234,3.3539859994262504,0.3900752972744713,0.7843572047841822,0.3127368957506217,0.09595960502517571,0.03242340654296159,2.378969625716186,1.2759982978942506,0.6615179122061747,0.1036763074121456,0.6931618675984605,0.6621140058417803
89,549.0,127.0,130.0,70.0,44.0,45.0,52.0,170.0,46.0,196.0,1.2994688749313354,2.399148464202881,0.7315814569592476,2.2807920714440786,11.646917234539009,128762,56454.94896800243,0.554742802587195,0.20461814312454493,0.3035367026881576,0.619624721961663,1.3413102117472726,0.5416375411194426,1.776246325778213,3.2794003201977335,0.4102942699360928,0.7872808420816866,0.3121402859510819,0.09214318631884745,0.03746264984497859,2.4132298545773017,1.3127084459527174,0.7309179302758553,0.12001863114474648,0.7048020058093751,0.5934300587854126
90,488.0,122.0,127.0,64.0,43.0,45.0,48.0,155.0,44.0,187.0,1.262878179550171,2.3398247957229614,0.7197756618261337,2.1268749485734895,11.096103193758328,109971,51705.43762987023,0.5441913113129399,0.18457624870143846,0.30693516464735965,0.6057320660921368,1.4061074758219028,0.5397319414080171,1.754544153863356,3.2507695380899952,0.4059228587765739,0.7566245293071268,0.2991145407829935,0.09404718219395279,0.0312639066456513,2.3512310766398667,1.2942098762701744,0.7436482027347827,0.10452152063156685,0.6855813764594492,0.6675721067200506
91,526.0,115.0,125.0,65.0,46.0,45.0,52.0,147.0,46.0,195.0,1.2501498460769653,2.2779431343078613,0.7659133672714233,2.1811453080770495,11.099967666760534,108865,49911.85117142792,0.5260125109889824,0.1934207752430531,0.31470267808633506,0.598952991487247,1.333003206047708,0.548806432982716,1.6322340090898804,2.974152471607937,0.3947196722581688,0.7527265616974168,0.280936933792643,0.0979135323451668,0.03429186246626704,2.347426767007569,1.3276449021262495,0.7551526719685233,0.12206249282829273,0.6514750445114637,0.6497740236213656
92,573.0,130.0,136.0,68.0,48.0,48.0,54.0,156.0,50.0,197.0,1.37445867061615,2.6001981496810913,0.7432841956615448,2.6563972917641854,13.056328979709107,126269,47533.92890117778,0.5660881651034274,0.19357925858597116,0.34383133767002594,0.6414572130806081,1.5819779942294374,0.5285976650605356,1.8491697773727602,3.4982556670222733,0.43110087200785746,0.7961481925163608,0.32249062349080426,0.11763997293789523,0.03602190329755135,2.551276049504683,1.3981116949148729,0.717052426928434,0.1116990717672091,0.6352142841720492,0.693795379257966
93,543.0,123.0,128.0,66.0,48.0,49.0,55.0,152.0,48.0,195.0,1.3029195070266724,2.355246424674988,0.684481143951416,2.100464897990475,11.145284224518235,123542,58816.50301235371,0.5505539224815066,0.18498980175797847,0.31722544025973587,0.6170125587817693,1.2849277177145295,0.5531988047520202,1.9035140975616893,3.440922289076471,0.4056975617525561,0.7922034206296629,0.30712051588297556,0.09993147438635332,0.030914383073687636,2.390753440422424,1.3662126998195023,0.6706563578289935,0.10065880159392275,0.6746180433467657,0.6906441812900008
94,547.0,125.0,135.0,68.0,48.0,48.0,53.0,148.0,48.0,202.0,1.364400863647461,2.2961101830005646,0.6907524168491364,2.163999337111912,11.32264313818157,116330,53756.94807524978,0.512216281519806,0.18554056452718634,0.32989919624664454,0.5959624458961599,1.376152326002154,0.5942227310121753,1.9752386388616179,3.324071153415951,0.3985682995319904,0.7339268841067672,0.26265825762541756,0.10866934332680582,0.034300185742719945,2.290574940507845,1.3659502807569344,0.6870134044244579,0.13058864416757138,0.5862709807441826,0.684361893679917
95,466.0,118.0,122.0,65.0,46.0,45.0,49.0,145.0,44.0,190.0,1.2868503332138062,2.6651023626327515,0.7777056992053986,2.6672100272940686,13.00608799590573,106857,40063.21171055595,0.5612099175602531,0.19835479893068933,0.3225366964361421,0.6243103890083092,1.6156191500693604,0.4828521227764687,1.6546751997942326,3.4268777576861704,0.41127138988436024,0.8158703477602509,0.3400292024452261,0.08501477201973824,0.03329143315062364,2.8606547511587785,1.4130280821274623,0.8217315095721363,0.09790757061810425,0.7499780271565559,0.6084041354260854
96,530.0,127.0,121.0,62.0,50.0,48.0,55.0,161.0,45.0,193.0,1.2607845067977905,2.4312077164649963,0.9014523923397064,2.763158034704274,12.786768487772267,110791,40095.788445143124,0.5289318327285585,0.21556635797847892,0.3033280041848111,0.6024644229845404,1.3082531313874868,0.5185836233816276,1.3986146329097235,2.6969895882741324,0.39525388270799233,0.769841465437108,0.29477698101200805,0.09055296486313327,0.032919445733939325,2.487827890351478,1.3245021667947983,0.6719846708784054,0.1116757679684572,0.6928085614003744,0.6364619779849773
97,550.0,118.0,125.0,65.0,48.0,49.0,53.0,154.0,45.0,194.0,1.3041741847991943,2.4564108848571777,0.7989313900470734,2.559446744970317,12.416074240762626,113238,44243.155370405366,0.5327728347182,0.20672129933860486,0.3132480105321082,0.6070218825916197,1.4284428007254424,0.5309267243680296,1.6323982272399535,3.0746205687480184,0.4104042067676594,0.7397935228496759,0.2868003220642566,0.09887872314243319,0.03902961049376075,2.4803135506472094,1.3366814891144685,0.7774083193240401,0.13608635517855625,0.6552349647631157,0.6052779682688739
98,520.0,122.0,127.0,65.0,51.0,45.0,54.0,152.0,46.0,195.0,1.3237051963806152,2.276321232318878,0.6814111471176147,2.053213243613048,10.932552764571753,118001,57471.380708782664,0.5402914914105477,0.18301105783341065,0.3216075688055096,0.6114652222067348,1.3476893162904096,0.5815107189560248,1.9425939859949746,3.3405987588371144,0.40716730522358696,0.7744963301017824,0.2923994253785578,0.10315767205561661,0.033285908090723584,2.2744581282260983,1.3229010491655848,0.6802383445606784,0.11383711868663783,0.6472028906279056,0.6773297862637133
99,511.0,125.0,128.0,67.0,48.0,46.0,51.0,157.0,51.0,192.0,1.3097845315933228,2.364523947238922,0.7212499175220728,2.2337231769641894,11.49422315596787,123134,55125.00441856411,0.5555558862241786,0.1861677216731841,0.29853834980468424,0.611041634582185,1.4253178653850849,0.5539315992645247,1.8159926258199381,3.278369799143248,0.3961657394811592,0.7797275410601792,0.3103650211822825,0.08884222544656194,0.033222174847000005,2.3809463953034458,1.3404502703121657,0.6636725420635468,0.10704226500926493,0.7137492327320499,0.6260542250038194
100,532.0,122.0,131.0,64.0,61.0,47.0,48.0,148.0,50.0,195.0,1.314000129699707,2.525609254837036,0.6947485506534576,2.3056278948592217,11.972427886817925,118316,51316.17303199925,0.5663890130886738,0.18544426477627854,0.3153029120746875,0.6262729772853248,1.536292871183154,0.520270555385058,1.891331948031848,3.635285388449578,0.4105388588419269,0.8008690859786107,0.32206487290768143,0.09941096571861953,0.03313001952491914,2.535120003725673,1.3275272933419762,0.7238933320230848,0.10286753481003102,0.6913324796302288,0.6667367700793401
101,499.0,124.0,129.0,70.0,45.0,44.0,47.0,159.0,49.0,192.0,1.2987018823623657,2.34163498878479,0.777540534734726,2.364567454023023,11.743190490293365,109311,46228.75097685231,0.5273046154298096,0.2033892056624161,0.31144845047548614,0.5993611893303705,1.3328097316323986,0.5546132888270248,1.6702690398069662,3.0115921732410866,0.38577123319882345,0.761199897875185,0.29142534334695436,0.09591381746514674,0.029082112434374172,2.417251180307374,1.389413825778361,0.6276462736176724,0.09979266765330931,0.6708803141017243,0.6967891258739434
102,520.0,132.0,134.0,69.0,50.0,46.0,51.0,153.0,49.0,201.0,1.296116590499878,2.392009139060974,0.7797963172197342,2.4176202468628016,11.952619182238312,118319,48940.27511290715,0.5333014206544969,0.21018218323988572,0.30582335870459204,0.6042783941804852,1.3904669456360685,0.541852691670188,1.6621219693894154,3.0674793997352823,0.3954544913394825,0.7545403277582721,0.2959587395760852,0.09226030344097026,0.033899406766185,2.478014297534361,1.3807779867956618,0.6966562678480409,0.11454098910794328,0.6882663320802123,0.6325677945783647
103,535.0,125.0,128.0,69.0,48.0,49.0,53.0,156.0,49.0,197.0,1.28848397731781,2.352088749408722,0.7273356318473816,2.2042842162927676,11.357093862645222,119499,54212.15608982451,0.5604889341402227,0.19020355202346498,0.3071689485253083,0.6204747636986766,1.3860555482793275,0.5478041496698263,1.7715122440037083,3.2338423231577162,0.40494413231551407,0.7912301096340235,0.3158716742193187,0.09451273619509819,0.034297310236813275,2.357216202107221,1.2973787059778241,0.6793595075450015,0.10857988555504243,0.7007875542221766,0.6371144078823943
73,484.0,124.0,130.0,65.0,44.0,46.0,48.0,161.0,45.0,184.0,1.3490899801254272,2.4785409569740295,0.7922002077102661,2.6489390676346716,12.752049587585162,125499,47377.080708791975,0.569519308112616,0.19230173139978943,0.33043224215173483,0.6378617524252959,1.4160778034934813,0.5443081246365553,1.7029659510248882,3.1286800140306377,0.415513913508339,0.8175361665655763,0.3258965461184541,0.10807817089302839,0.036546697058857304,2.464380935014387,1.3624131543941875,0.8178909497781097,0.11214202020285795,0.668366626832108,0.6618494118018539
38,444.0,122.0,124.0,67.0,44.0,44.0,47.0,151.0,46.0,189.0,1.2271392345428467,2.236699938774109,0.8405263721942902,2.3070282466475036,11.312380849963724,94975,41167.67973604766,0.5408213346176152,0.22535366767491993,0.27627168915557054,0.6024187377067781,1.3491517186697786,0.5486382921865762,1.4599651779387475,2.6610705062530613,0.39807631021817647,0.756581702347309,0.3031131061261845,0.07428419219438898,0.04220515745101213,2.3385059891318845,1.2691319083413681,0.7673202127745467,0.1392389725089694,0.7549291314263896,0.4318420083162716
46,462.0,122.0,124.0,63.0,44.0,45.0,53.0,158.0,46.0,188.0,1.1139181852340698,1.984588384628296,0.6297759264707565,1.392226175434914,8.324067875105126,85480,61398.069874169065,0.48401162354151706,0.16658484518099795,0.24021969202315704,0.5262444129435268,1.0909055716651157,0.5612842410355543,1.768753200009455,3.151261109248592,0.34595058603716106,0.6840388732835444,0.23457831955266745,0.05759145560204297,0.027557228020313074,1.9823085459231173,1.1148326410799032,0.6290081353894674,0.11747559652087086,0.7544894357165324,0.5215049223493576
47,346.0,100.0,100.0,60.0,41.0,41.0,46.0,146.0,41.0,167.0,1.148129940032959,2.137997329235077,0.7065120600163937,1.7342742673359521,9.552774583783803,96432,55603.66189837483,0.5034879298965037,0.1914273069605154,0.2572272885325186,0.5556462409842948,1.2824592923951856,0.537011868225173,1.625067716475099,3.026129984512179,0.3642552145809136,0.7175734311173764,0.26153094721380415,0.06566538826659392,0.029117746864638524,2.1097479682032914,1.1859095226476253,0.7492131273333213,0.11133576035586518,0.7489192427658979,0.5565739024275038
48,407.0,118.0,119.0,62.0,39.0,43.0,46.0,150.0,42.0,175.0,1.2245360612869263,2.080310583114624,0.664170503616333,1.6919181211189336,9.484793975775233,94315,55744.42333983969,0.5004514416770754,0.1604120367856181,0.27112814851154327,0.5492094052486933,1.1522193820624291,0.5886313665018043,1.8437073832991173,3.132193573468814,0.35747295639206134,0.7072206485947742,0.2526756714296755,0.07336768372555628,0.023654492547352024,2.090011558759452,1.2267667540359104,0.5963165612804442,0.09361602727129004,0.7096369297826288,0.677589759602668
49,366.0,118.0,121.0,60.0,42.0,40.0,44.0,141.0,46.0,170.0,1.1634948253631592,2.202649474143982,0.6288462430238724,1.6115890818853984,9.359116922953394,102453,63572.65704489646,0.5043389785876439,0.17424974925000292,0.25175983255636075,0.5477935136781446,1.2170000783729065,0.5282251393246896,1.8502055761172613,3.5026836823454865,0.35482952431000675,0.698160270773502,0.25684711708276975,0.06284499714604785,0.028415077222205754,2.1984515464781538,1.1804269745121814,0.6372451714352942,0.1106303140363803,0.7553213839429785,0.5478545864809113
50,312.0,116.0,119.0,62.0,44.0,45.0,48.0,148.0,44.0,176.0,1.2193500995635986,2.1545746624469757,0.6497327983379364,1.706965551877656,9.638660812349427,99835,58486.827628232946,0.5053710942877218,0.16910005466688202,0.2754189677386314,0.552943602070146,1.3026795420442112,0.5659354121331625,1.876694700779743,3.316093427880713,0.35158355096890714,0.712892995900198,0.2627412453015476,0.07584158677635237,0.021271151629469534,2.1909212435548833,1.2151138054308714,0.579214086823012,0.08095855527005925,0.7113449519914198,0.719531822399819
51,378.0,119.0,125.0,62.0,36.0,40.0,44.0,149.0,43.0,171.0,1.2251582145690918,2.067219853401184,0.9141272306442261,2.315183879041194,11.08464766044446,102173,44131.69982952445,0.4914852650107755,0.19469093203735113,0.282978935853169,0.5589671815734585,1.1789736433778897,0.5926598530646591,1.340249117954476,2.2614137114636903,0.36920523941635686,0.7030504261647345,0.2517336747403921,0.08005713777681547,0.0277521093218386,2.1227052181760415,1.2425686591362028,0.6664727337677606,0.11024392882858758,0.68197684374418,0.653346221305009
53,408.0,120.0,126.0,63.0,38.0,40.0,48.0,151.0,42.0,175.0,1.101423740386963,1.9537825733423233,0.7558605968952179,1.6265685499669935,8.922505155534047,74989,46102.57588069171,0.4621330107432826,0.1613023217077295,0.250308637914802,0.513232258920437,1.1360381660603347,0.5637391567592726,1.4571784068533065,2.584845117429992,0.3448004189861656,0.6533550927534195,0.2172493729556469,0.0601654807054556,0.02482894966913429,1.964863865846335,1.1553882296431408,0.6735036228158764,0.11428778519053912,0.7230579776276784,0.5873223420139169
54,323.0,100.0,100.0,56.0,40.0,36.0,40.0,135.0,37.0,164.0,1.1045153141021729,1.854303777217865,0.6660575419664383,1.3641570601100588,8.037701380045261,70840,51929.50435947948,0.4586682880719284,0.16401597085739164,0.24050532197347696,0.5029771208049728,1.0802744286686357,0.5956496058910857,1.6582881275411305,2.7839993699993277,0.3222744929579385,0.6600099702213151,0.21878802627211016,0.0579055510150232,0.018431235865409196,1.8902248345268404,1.1039097352482623,0.660365818134528,0.08424243401001284,0.7353349175379226,0.6817017446111973
